lon,lat,country,general,negative,positive,neutral,date,pk
96.6275884228238,61.9668529188997,Russia,1,1,0,0,2017-12-22,1
96.6275884228238,61.9668529188997,Russia,1,1,0,0,2017-12-27,2
-112.495726075036,45.6881134357956,United States of America,10,2,4,4,2017-10-25,3
-112.495726075036,45.6881134357956,United States of America,7,2,3,2,2017-10-26,4
-112.495726075036,45.6881134357956,United States of America,9,6,0,3,2017-10-30,5
-112.495726075036,45.6881134357956,United States of America,1,0,0,1,2017-10-31,6
-112.495726075036,45.6881134357956,United States of America,2,1,0,1,2017-11-02,7
-112.495726075036,45.6881134357956,United States of America,1,0,0,1,2017-11-03,8
-112.495726075036,45.6881134357956,United States of America,3,3,0,0,2017-11-04,9
-112.495726075036,45.6881134357956,United States of America,5,4,1,0,2017-11-05,10
-112.495726075036,45.6881134357956,United States of America,1,1,0,0,2017-11-06,11
-112.495726075036,45.6881134357956,United States of America,6,1,4,1,2017-11-07,12
-112.495726075036,45.6881134357956,United States of America,1,0,0,1,2017-11-13,13
-112.495726075036,45.6881134357956,United States of America,4,0,1,3,2017-11-14,14
-112.495726075036,45.6881134357956,United States of America,5,3,2,0,2017-11-15,15
-112.495726075036,45.6881134357956,United States of America,8,5,1,2,2017-11-16,16
-112.495726075036,45.6881134357956,United States of America,8,2,2,4,2017-11-17,17
-112.495726075036,45.6881134357956,United States of America,14,4,5,5,2017-11-21,18
-112.495726075036,45.6881134357956,United States of America,13,5,3,5,2017-11-22,19
-112.495726075036,45.6881134357956,United States of America,17,7,4,6,2017-11-23,20
-112.495726075036,45.6881134357956,United States of America,10,3,3,4,2017-11-24,21
-112.495726075036,45.6881134357956,United States of America,11,3,4,4,2017-11-25,22
-112.495726075036,45.6881134357956,United States of America,3,2,0,1,2017-11-26,23
-112.495726075036,45.6881134357956,United States of America,7,1,4,2,2017-11-27,24
-112.495726075036,45.6881134357956,United States of America,13,6,4,3,2017-11-28,25
-112.495726075036,45.6881134357956,United States of America,12,2,2,8,2017-11-29,26
-112.495726075036,45.6881134357956,United States of America,11,4,0,7,2017-11-30,27
-112.495726075036,45.6881134357956,United States of America,8,3,2,3,2017-12-01,28
-112.495726075036,45.6881134357956,United States of America,7,4,1,2,2017-12-02,29
-112.495726075036,45.6881134357956,United States of America,3,2,1,0,2017-12-03,30
-112.495726075036,45.6881134357956,United States of America,7,3,1,3,2017-12-04,31
-112.495726075036,45.6881134357956,United States of America,16,3,8,5,2017-12-05,32
-112.495726075036,45.6881134357956,United States of America,7,5,1,1,2017-12-06,33
-112.495726075036,45.6881134357956,United States of America,12,9,2,1,2017-12-12,34
-112.495726075036,45.6881134357956,United States of America,10,4,1,5,2017-12-13,35
-112.495726075036,45.6881134357956,United States of America,14,7,4,3,2017-12-14,36
-112.495726075036,45.6881134357956,United States of America,11,7,2,2,2017-12-15,37
-112.495726075036,45.6881134357956,United States of America,7,2,1,4,2017-12-16,38
-112.495726075036,45.6881134357956,United States of America,5,2,0,3,2017-12-17,39
-112.495726075036,45.6881134357956,United States of America,18,13,2,3,2017-12-18,40
-112.495726075036,45.6881134357956,United States of America,10,2,3,5,2017-12-19,41
-112.495726075036,45.6881134357956,United States of America,4,3,0,1,2017-12-21,42
-112.495726075036,45.6881134357956,United States of America,10,6,1,3,2017-12-22,43
-112.495726075036,45.6881134357956,United States of America,7,3,1,3,2017-12-23,44
-112.495726075036,45.6881134357956,United States of America,3,1,1,1,2017-12-24,45
-112.495726075036,45.6881134357956,United States of America,4,2,0,2,2017-12-25,46
-112.495726075036,45.6881134357956,United States of America,6,4,1,1,2017-12-26,47
-112.495726075036,45.6881134357956,United States of America,4,3,1,0,2017-12-27,48
-112.495726075036,45.6881134357956,United States of America,5,1,2,2,2017-12-28,49
-112.495726075036,45.6881134357956,United States of America,6,3,2,1,2017-12-29,50
-112.495726075036,45.6881134357956,United States of America,5,3,1,1,2017-12-30,51
-112.495726075036,45.6881134357956,United States of America,4,1,1,2,2017-12-31,52
-112.495726075036,45.6881134357956,United States of America,3,1,1,1,2018-01-01,53
-112.495726075036,45.6881134357956,United States of America,3,2,1,0,2018-01-02,54
-112.495726075036,45.6881134357956,United States of America,13,8,2,3,2018-01-03,55
-112.495726075036,45.6881134357956,United States of America,10,5,1,4,2018-01-04,56
-112.495726075036,45.6881134357956,United States of America,2,1,0,1,2018-01-05,57
-112.495726075036,45.6881134357956,United States of America,7,3,3,1,2018-01-08,58
101.003333331525,15.1143999979388,Thailand,1,1,0,0,2017-11-20,59
101.003333331525,15.1143999979388,Thailand,1,0,0,1,2018-01-03,60
106.300935236576,16.642182843821,Vietnam,1,1,0,0,2017-11-03,61
2.65309137679737,28.1488896573306,Algeria,1,1,0,0,2017-11-30,62
4.63996050766817,50.6374616353343,Belgium,1,1,0,0,2017-11-13,63
4.63996050766817,50.6374616353343,Belgium,1,1,0,0,2017-11-21,64
4.63996050766817,50.6374616353343,Belgium,1,0,1,0,2017-11-23,65
4.63996050766817,50.6374616353343,Belgium,2,0,0,2,2017-11-24,66
4.63996050766817,50.6374616353343,Belgium,1,0,0,1,2017-11-25,67
4.63996050766817,50.6374616353343,Belgium,1,1,0,0,2017-11-26,68
4.63996050766817,50.6374616353343,Belgium,1,1,0,0,2017-11-27,69
4.63996050766817,50.6374616353343,Belgium,1,1,0,0,2017-11-28,70
4.63996050766817,50.6374616353343,Belgium,1,1,0,0,2017-11-29,71
4.63996050766817,50.6374616353343,Belgium,1,0,1,0,2017-12-06,72
4.63996050766817,50.6374616353343,Belgium,1,0,0,1,2017-12-18,73
4.63996050766817,50.6374616353343,Belgium,2,1,0,1,2017-12-19,74
4.63996050766817,50.6374616353343,Belgium,1,0,1,0,2017-12-21,75
4.63996050766817,50.6374616353343,Belgium,1,1,0,0,2017-12-22,76
4.63996050766817,50.6374616353343,Belgium,1,1,0,0,2017-12-24,77
4.63996050766817,50.6374616353343,Belgium,1,0,0,1,2017-12-26,78
4.63996050766817,50.6374616353343,Belgium,1,0,1,0,2017-12-28,79
9.55462624556344,34.1194052229303,Tunisia,1,0,0,1,2017-11-29,80
8.215353657454,46.7989568697788,Switzerland,2,2,0,0,2017-11-14,81
8.215353657454,46.7989568697788,Switzerland,1,1,0,0,2017-11-26,82
8.215353657454,46.7989568697788,Switzerland,1,1,0,0,2017-12-22,83
12.0719070927293,42.7864339963679,Italy,1,0,0,1,2017-11-14,84
12.0719070927293,42.7864339963679,Italy,1,0,1,0,2017-11-17,85
12.0719070927293,42.7864339963679,Italy,1,0,1,0,2017-11-20,86
12.0719070927293,42.7864339963679,Italy,1,1,0,0,2017-11-22,87
12.0719070927293,42.7864339963679,Italy,1,0,0,1,2017-11-26,88
12.0719070927293,42.7864339963679,Italy,4,0,2,2,2017-11-30,89
12.0719070927293,42.7864339963679,Italy,2,2,0,0,2017-12-02,90
12.0719070927293,42.7864339963679,Italy,1,0,0,1,2017-12-03,91
12.0719070927293,42.7864339963679,Italy,1,0,0,1,2017-12-04,92
12.0719070927293,42.7864339963679,Italy,2,2,0,0,2017-12-13,93
12.0719070927293,42.7864339963679,Italy,1,1,0,0,2017-12-14,94
12.0719070927293,42.7864339963679,Italy,2,2,0,0,2017-12-15,95
12.0719070927293,42.7864339963679,Italy,1,0,0,1,2017-12-16,96
12.0719070927293,42.7864339963679,Italy,1,0,1,0,2017-12-19,97
12.0719070927293,42.7864339963679,Italy,1,1,0,0,2018-01-04,98
14.1306728873132,47.5856569205222,Austria,1,0,0,1,2017-11-06,99
14.1306728873132,47.5856569205222,Austria,1,1,0,0,2017-11-25,100
14.1306728873132,47.5856569205222,Austria,1,0,0,1,2017-12-14,101
14.1306728873132,47.5856569205222,Austria,1,0,1,0,2017-12-21,102
14.1306728873132,47.5856569205222,Austria,1,1,0,0,2017-12-30,103
14.8080896248299,46.1161109843257,Slovenia,2,1,1,0,2017-10-25,104
14.8080896248299,46.1161109843257,Slovenia,1,1,0,0,2017-10-26,105
14.8080896248299,46.1161109843257,Slovenia,1,1,0,0,2017-10-27,106
14.8080896248299,46.1161109843257,Slovenia,1,1,0,0,2017-11-13,107
14.8080896248299,46.1161109843257,Slovenia,1,1,0,0,2017-11-16,108
14.8080896248299,46.1161109843257,Slovenia,3,0,2,1,2017-11-23,109
14.8080896248299,46.1161109843257,Slovenia,4,1,0,3,2017-11-24,110
14.8080896248299,46.1161109843257,Slovenia,1,0,1,0,2017-11-27,111
14.8080896248299,46.1161109843257,Slovenia,1,0,0,1,2017-11-29,112
14.8080896248299,46.1161109843257,Slovenia,1,1,0,0,2017-12-01,113
14.8080896248299,46.1161109843257,Slovenia,1,0,0,1,2017-12-06,114
14.8080896248299,46.1161109843257,Slovenia,2,0,1,1,2017-12-14,115
14.8080896248299,46.1161109843257,Slovenia,1,0,0,1,2017-12-15,116
14.8080896248299,46.1161109843257,Slovenia,1,0,0,1,2017-12-16,117
14.8080896248299,46.1161109843257,Slovenia,1,1,0,0,2017-12-17,118
14.8080896248299,46.1161109843257,Slovenia,1,0,0,1,2017-12-18,119
14.8080896248299,46.1161109843257,Slovenia,2,1,0,1,2017-12-19,120
14.8080896248299,46.1161109843257,Slovenia,2,2,0,0,2017-12-24,121
14.8080896248299,46.1161109843257,Slovenia,1,0,0,1,2017-12-25,122
14.8080896248299,46.1161109843257,Slovenia,1,0,0,1,2017-12-26,123
14.8080896248299,46.1161109843257,Slovenia,1,1,0,0,2017-12-27,124
14.8080896248299,46.1161109843257,Slovenia,2,2,0,0,2018-01-02,125
14.8080896248299,46.1161109843257,Slovenia,1,0,0,1,2018-01-04,126
14.8080896248299,46.1161109843257,Slovenia,2,0,1,1,2018-01-08,127
10.3814938434269,51.1063634863355,Germany,1,0,1,0,2017-10-30,128
10.3814938434269,51.1063634863355,Germany,5,2,0,3,2017-11-05,129
10.3814938434269,51.1063634863355,Germany,2,2,0,0,2017-11-07,130
10.3814938434269,51.1063634863355,Germany,1,0,1,0,2017-11-17,131
10.3814938434269,51.1063634863355,Germany,1,1,0,0,2017-11-30,132
10.3814938434269,51.1063634863355,Germany,1,0,0,1,2017-12-02,133
10.3814938434269,51.1063634863355,Germany,6,3,1,2,2017-12-03,134
10.3814938434269,51.1063634863355,Germany,1,1,0,0,2017-12-14,135
10.3814938434269,51.1063634863355,Germany,1,0,0,1,2017-12-15,136
10.3814938434269,51.1063634863355,Germany,2,0,1,1,2017-12-19,137
10.3814938434269,51.1063634863355,Germany,1,0,0,1,2017-12-21,138
10.3814938434269,51.1063634863355,Germany,2,0,1,1,2017-12-22,139
15.3141031032554,49.7324482054917,Czechia,1,0,1,0,2017-10-31,140
15.3141031032554,49.7324482054917,Czechia,1,0,0,1,2017-11-21,141
15.3141031032554,49.7324482054917,Czechia,1,0,1,0,2017-12-12,142
15.3141031032554,49.7324482054917,Czechia,1,1,0,0,2018-01-03,143
15.3141031032554,49.7324482054917,Czechia,1,0,1,0,2018-01-08,144
34.9960342549435,31.4439606095816,Israel,1,1,0,0,2017-11-22,145
34.9960342549435,31.4439606095816,Israel,1,0,0,1,2018-01-03,146
22.9748189254974,39.0511811824443,Greece,4,2,0,2,2017-10-25,147
22.9748189254974,39.0511811824443,Greece,5,2,2,1,2017-10-26,148
22.9748189254974,39.0511811824443,Greece,4,1,0,3,2017-10-27,149
22.9748189254974,39.0511811824443,Greece,4,1,0,3,2017-10-30,150
22.9748189254974,39.0511811824443,Greece,2,2,0,0,2017-10-31,151
22.9748189254974,39.0511811824443,Greece,2,0,0,2,2017-11-02,152
22.9748189254974,39.0511811824443,Greece,2,2,0,0,2017-11-03,153
22.9748189254974,39.0511811824443,Greece,3,1,2,0,2017-11-05,154
22.9748189254974,39.0511811824443,Greece,2,1,1,0,2017-11-06,155
22.9748189254974,39.0511811824443,Greece,2,1,1,0,2017-11-07,156
22.9748189254974,39.0511811824443,Greece,4,1,0,3,2017-11-13,157
22.9748189254974,39.0511811824443,Greece,3,2,0,1,2017-11-14,158
22.9748189254974,39.0511811824443,Greece,3,3,0,0,2017-11-15,159
22.9748189254974,39.0511811824443,Greece,3,0,1,2,2017-11-16,160
22.9748189254974,39.0511811824443,Greece,6,2,0,4,2017-11-17,161
22.9748189254974,39.0511811824443,Greece,1,0,1,0,2017-11-20,162
22.9748189254974,39.0511811824443,Greece,4,0,2,2,2017-11-21,163
22.9748189254974,39.0511811824443,Greece,1,0,1,0,2017-11-22,164
22.9748189254974,39.0511811824443,Greece,7,2,4,1,2017-11-23,165
22.9748189254974,39.0511811824443,Greece,1,0,0,1,2017-11-24,166
22.9748189254974,39.0511811824443,Greece,5,2,1,2,2017-11-25,167
22.9748189254974,39.0511811824443,Greece,3,2,0,1,2017-11-26,168
22.9748189254974,39.0511811824443,Greece,7,4,0,3,2017-11-27,169
22.9748189254974,39.0511811824443,Greece,2,1,0,1,2017-11-28,170
22.9748189254974,39.0511811824443,Greece,5,3,2,0,2017-11-29,171
22.9748189254974,39.0511811824443,Greece,5,0,3,2,2017-11-30,172
22.9748189254974,39.0511811824443,Greece,3,2,0,1,2017-12-01,173
22.9748189254974,39.0511811824443,Greece,2,1,1,0,2017-12-02,174
22.9748189254974,39.0511811824443,Greece,4,1,1,2,2017-12-03,175
22.9748189254974,39.0511811824443,Greece,4,0,4,0,2017-12-04,176
22.9748189254974,39.0511811824443,Greece,2,1,1,0,2017-12-05,177
22.9748189254974,39.0511811824443,Greece,2,1,0,1,2017-12-06,178
22.9748189254974,39.0511811824443,Greece,5,4,0,1,2017-12-12,179
22.9748189254974,39.0511811824443,Greece,6,3,0,3,2017-12-13,180
22.9748189254974,39.0511811824443,Greece,15,6,5,4,2017-12-14,181
22.9748189254974,39.0511811824443,Greece,7,5,1,1,2017-12-15,182
22.9748189254974,39.0511811824443,Greece,1,1,0,0,2017-12-16,183
22.9748189254974,39.0511811824443,Greece,2,0,1,1,2017-12-17,184
22.9748189254974,39.0511811824443,Greece,12,7,2,3,2017-12-18,185
22.9748189254974,39.0511811824443,Greece,6,3,0,3,2017-12-19,186
22.9748189254974,39.0511811824443,Greece,3,0,0,3,2017-12-21,187
22.9748189254974,39.0511811824443,Greece,5,4,1,0,2017-12-22,188
22.9748189254974,39.0511811824443,Greece,3,2,0,1,2017-12-23,189
22.9748189254974,39.0511811824443,Greece,2,0,1,1,2017-12-24,190
22.9748189254974,39.0511811824443,Greece,3,2,1,0,2017-12-25,191
22.9748189254974,39.0511811824443,Greece,6,4,1,1,2017-12-26,192
22.9748189254974,39.0511811824443,Greece,3,1,1,1,2017-12-27,193
22.9748189254974,39.0511811824443,Greece,3,2,0,1,2017-12-28,194
22.9748189254974,39.0511811824443,Greece,3,0,0,3,2017-12-29,195
22.9748189254974,39.0511811824443,Greece,4,3,0,1,2017-12-30,196
22.9748189254974,39.0511811824443,Greece,5,4,0,1,2017-12-31,197
22.9748189254974,39.0511811824443,Greece,6,3,1,2,2018-01-02,198
22.9748189254974,39.0511811824443,Greece,6,5,0,1,2018-01-03,199
22.9748189254974,39.0511811824443,Greece,8,5,1,2,2018-01-04,200
22.9748189254974,39.0511811824443,Greece,4,2,1,1,2018-01-08,201
17.7734080203397,44.1717340564771,Bosnia and Herz.,1,1,0,0,2017-12-19,202
16.3985488378203,45.0677261679566,Croatia,1,0,0,1,2017-11-20,203
16.3985488378203,45.0677261679566,Croatia,1,0,0,1,2017-11-21,204
16.3985488378203,45.0677261679566,Croatia,1,0,1,0,2017-11-25,205
19.3967592673582,47.1632436865933,Hungary,1,0,0,1,2017-12-13,206
19.3967592673582,47.1632436865933,Hungary,1,1,0,0,2018-01-04,207
21.6838304100599,41.5950049266847,Macedonia,1,0,0,1,2017-12-17,208
20.7904024710302,44.2213759211764,Serbia,1,1,0,0,2017-10-27,209
20.7904024710302,44.2213759211764,Serbia,1,0,0,1,2017-10-30,210
20.7904024710302,44.2213759211764,Serbia,1,1,0,0,2017-11-03,211
20.7904024710302,44.2213759211764,Serbia,1,0,0,1,2017-11-05,212
20.7904024710302,44.2213759211764,Serbia,1,1,0,0,2017-11-17,213
20.7904024710302,44.2213759211764,Serbia,4,3,1,0,2017-11-24,214
20.7904024710302,44.2213759211764,Serbia,1,1,0,0,2017-12-01,215
20.7904024710302,44.2213759211764,Serbia,1,1,0,0,2017-12-03,216
20.7904024710302,44.2213759211764,Serbia,1,0,0,1,2017-12-12,217
20.7904024710302,44.2213759211764,Serbia,1,0,1,0,2017-12-13,218
20.7904024710302,44.2213759211764,Serbia,1,1,0,0,2017-12-15,219
20.7904024710302,44.2213759211764,Serbia,1,1,0,0,2017-12-19,220
20.7904024710302,44.2213759211764,Serbia,2,0,1,1,2017-12-24,221
20.7904024710302,44.2213759211764,Serbia,1,0,0,1,2017-12-28,222
20.7904024710302,44.2213759211764,Serbia,1,1,0,0,2017-12-31,223
20.7904024710302,44.2213759211764,Serbia,1,1,0,0,2018-01-02,224
20.7904024710302,44.2213759211764,Serbia,2,0,1,1,2018-01-03,225
20.7904024710302,44.2213759211764,Serbia,1,0,1,0,2018-01-08,226
25.2175125117167,42.7685226143596,Bulgaria,1,1,0,0,2017-12-14,227
25.2175125117167,42.7685226143596,Bulgaria,1,0,0,1,2017-12-16,228
24.9729418552081,45.8534640978175,Romania,2,1,0,1,2017-11-03,229
24.9729418552081,45.8534640978175,Romania,2,0,0,2,2017-11-27,230
19.3943221397647,52.1247718188737,Poland,1,0,1,0,2017-11-14,231
19.3943221397647,52.1247718188737,Poland,1,1,0,0,2017-12-06,232
19.3943221397647,52.1247718188737,Poland,1,0,1,0,2017-12-12,233
19.3943221397647,52.1247718188737,Poland,1,1,0,0,2017-12-15,234
19.3943221397647,52.1247718188737,Poland,1,1,0,0,2017-12-30,235
23.8882490157417,55.3270236411821,Lithuania,1,0,0,1,2017-11-03,236
16.7544664339316,62.7770998648441,Sweden,1,0,1,0,2017-11-27,237
31.2553061431816,49.1600782908981,Ukraine,1,0,0,1,2017-12-03,238
79.6157216256458,22.8879525194748,India,1,1,0,0,2017-11-04,239
79.6157216256458,22.8879525194748,India,1,0,0,1,2017-11-22,240
79.6157216256458,22.8879525194748,India,1,0,1,0,2017-12-15,241
90.2420000163225,23.8456773476021,Bangladesh,1,0,0,1,2017-11-14,242
90.2420000163225,23.8456773476021,Bangladesh,1,0,1,0,2017-11-22,243
90.2420000163225,23.8456773476021,Bangladesh,1,0,1,0,2017-11-24,244
114.131446886842,22.3846368940765,Hong Kong,1,1,0,0,2017-10-25,245
69.3413431056524,29.9484968260019,Pakistan,1,0,0,1,2017-11-15,246
103.831571690049,36.5601151473034,China,1,1,0,0,2017-10-31,247
103.831571690049,36.5601151473034,China,1,0,1,0,2017-11-20,248
103.831571690049,36.5601151473034,China,3,2,1,0,2017-12-18,249
137.978347609877,37.5511773936151,Japan,1,0,1,0,2017-10-26,250
137.978347609877,37.5511773936151,Japan,1,1,0,0,2017-10-30,251
137.978347609877,37.5511773936151,Japan,3,2,0,1,2017-12-18,252
137.978347609877,37.5511773936151,Japan,2,1,0,1,2017-12-19,253
137.978347609877,37.5511773936151,Japan,1,1,0,0,2017-12-23,254
26.2707950346287,64.4953589823139,Finland,1,0,0,1,2017-11-07,255
26.2707950346287,64.4953589823139,Finland,1,0,0,1,2017-12-15,256
-2.75522118992063,42.1801069806295,France,2,1,1,0,2017-10-27,257
-2.75522118992063,42.1801069806295,France,1,0,1,0,2017-10-30,258
-2.75522118992063,42.1801069806295,France,1,0,0,1,2017-11-02,259
-2.75522118992063,42.1801069806295,France,1,0,0,1,2017-11-07,260
-2.75522118992063,42.1801069806295,France,2,1,0,1,2017-11-13,261
-2.75522118992063,42.1801069806295,France,1,0,0,1,2017-11-14,262
-2.75522118992063,42.1801069806295,France,1,0,0,1,2017-11-16,263
-2.75522118992063,42.1801069806295,France,1,1,0,0,2017-11-17,264
-2.75522118992063,42.1801069806295,France,1,1,0,0,2017-11-20,265
-2.75522118992063,42.1801069806295,France,2,1,1,0,2017-11-21,266
-2.75522118992063,42.1801069806295,France,2,0,0,2,2017-11-24,267
-2.75522118992063,42.1801069806295,France,2,2,0,0,2017-11-25,268
-2.75522118992063,42.1801069806295,France,1,1,0,0,2017-11-26,269
-2.75522118992063,42.1801069806295,France,2,1,1,0,2017-11-27,270
-2.75522118992063,42.1801069806295,France,2,0,1,1,2017-11-30,271
-2.75522118992063,42.1801069806295,France,1,0,0,1,2017-12-01,272
-2.75522118992063,42.1801069806295,France,2,1,1,0,2017-12-03,273
-2.75522118992063,42.1801069806295,France,1,0,1,0,2017-12-04,274
-2.75522118992063,42.1801069806295,France,1,0,0,1,2017-12-12,275
-2.75522118992063,42.1801069806295,France,1,0,0,1,2017-12-13,276
-2.75522118992063,42.1801069806295,France,3,1,1,1,2017-12-14,277
-2.75522118992063,42.1801069806295,France,1,1,0,0,2017-12-16,278
-2.75522118992063,42.1801069806295,France,2,1,1,0,2017-12-18,279
-2.75522118992063,42.1801069806295,France,2,1,0,1,2017-12-19,280
-2.75522118992063,42.1801069806295,France,2,0,1,1,2017-12-22,281
-2.75522118992063,42.1801069806295,France,1,1,0,0,2017-12-25,282
-2.75522118992063,42.1801069806295,France,5,2,1,2,2018-01-08,283
-103.278920290524,13.3029742435553,U.S. Minor Outlying Is.,1,0,1,0,2017-11-25,284
-103.278920290524,13.3029742435553,U.S. Minor Outlying Is.,3,1,2,0,2017-12-14,285
-103.278920290524,13.3029742435553,U.S. Minor Outlying Is.,2,1,0,1,2017-12-17,286
-103.278920290524,13.3029742435553,U.S. Minor Outlying Is.,1,0,0,1,2017-12-19,287
-103.278920290524,13.3029742435553,U.S. Minor Outlying Is.,2,1,1,0,2017-12-28,288
-59.561217748118,13.1810538267802,Barbados,1,0,1,0,2017-11-16,289
-59.561217748118,13.1810538267802,Barbados,1,0,0,1,2017-11-30,290
-59.561217748118,13.1810538267802,Barbados,1,0,0,1,2017-12-15,291
-59.561217748118,13.1810538267802,Barbados,1,1,0,0,2017-12-18,292
-59.561217748118,13.1810538267802,Barbados,1,1,0,0,2018-01-03,293
-73.0838421042532,3.90941304885017,Colombia,2,1,0,1,2017-10-26,294
-73.0838421042532,3.90941304885017,Colombia,2,1,0,1,2017-10-27,295
-73.0838421042532,3.90941304885017,Colombia,1,0,0,1,2017-10-28,296
-73.0838421042532,3.90941304885017,Colombia,1,0,0,1,2017-10-30,297
-73.0838421042532,3.90941304885017,Colombia,1,0,1,0,2017-11-02,298
-73.0838421042532,3.90941304885017,Colombia,3,0,0,3,2017-11-04,299
-73.0838421042532,3.90941304885017,Colombia,1,1,0,0,2017-11-05,300
-73.0838421042532,3.90941304885017,Colombia,3,1,0,2,2017-11-06,301
-73.0838421042532,3.90941304885017,Colombia,4,0,1,3,2017-11-07,302
-73.0838421042532,3.90941304885017,Colombia,1,0,1,0,2017-11-13,303
-73.0838421042532,3.90941304885017,Colombia,3,0,1,2,2017-11-14,304
-73.0838421042532,3.90941304885017,Colombia,3,0,2,1,2017-11-17,305
-73.0838421042532,3.90941304885017,Colombia,4,1,2,1,2017-11-20,306
-73.0838421042532,3.90941304885017,Colombia,6,0,0,6,2017-11-21,307
-73.0838421042532,3.90941304885017,Colombia,11,4,4,3,2017-11-22,308
-73.0838421042532,3.90941304885017,Colombia,9,4,1,4,2017-11-23,309
-73.0838421042532,3.90941304885017,Colombia,1,0,0,1,2017-11-24,310
-73.0838421042532,3.90941304885017,Colombia,4,2,0,2,2017-11-25,311
-73.0838421042532,3.90941304885017,Colombia,4,1,1,2,2017-11-26,312
-73.0838421042532,3.90941304885017,Colombia,9,4,3,2,2017-11-27,313
-73.0838421042532,3.90941304885017,Colombia,3,1,0,2,2017-11-28,314
-73.0838421042532,3.90941304885017,Colombia,3,1,1,1,2017-11-29,315
-73.0838421042532,3.90941304885017,Colombia,1,1,0,0,2017-11-30,316
-73.0838421042532,3.90941304885017,Colombia,4,0,2,2,2017-12-01,317
-73.0838421042532,3.90941304885017,Colombia,4,2,1,1,2017-12-02,318
-73.0838421042532,3.90941304885017,Colombia,9,4,2,3,2017-12-03,319
-73.0838421042532,3.90941304885017,Colombia,4,2,1,1,2017-12-04,320
-73.0838421042532,3.90941304885017,Colombia,4,3,0,1,2017-12-05,321
-73.0838421042532,3.90941304885017,Colombia,5,4,1,0,2017-12-06,322
-73.0838421042532,3.90941304885017,Colombia,5,2,1,2,2017-12-12,323
-73.0838421042532,3.90941304885017,Colombia,4,1,1,2,2017-12-13,324
-73.0838421042532,3.90941304885017,Colombia,9,5,1,3,2017-12-14,325
-73.0838421042532,3.90941304885017,Colombia,2,0,0,2,2017-12-15,326
-73.0838421042532,3.90941304885017,Colombia,4,4,0,0,2017-12-16,327
-73.0838421042532,3.90941304885017,Colombia,5,2,0,3,2017-12-17,328
-73.0838421042532,3.90941304885017,Colombia,4,2,1,1,2017-12-18,329
-73.0838421042532,3.90941304885017,Colombia,4,2,0,2,2017-12-19,330
-73.0838421042532,3.90941304885017,Colombia,4,1,1,2,2017-12-21,331
-73.0838421042532,3.90941304885017,Colombia,15,13,0,2,2017-12-22,332
-73.0838421042532,3.90941304885017,Colombia,5,2,0,3,2017-12-23,333
-73.0838421042532,3.90941304885017,Colombia,3,3,0,0,2017-12-24,334
-73.0838421042532,3.90941304885017,Colombia,3,1,0,2,2017-12-25,335
-73.0838421042532,3.90941304885017,Colombia,3,2,0,1,2017-12-26,336
-73.0838421042532,3.90941304885017,Colombia,4,4,0,0,2017-12-27,337
-73.0838421042532,3.90941304885017,Colombia,5,2,1,2,2017-12-28,338
-73.0838421042532,3.90941304885017,Colombia,3,1,0,2,2017-12-29,339
-73.0838421042532,3.90941304885017,Colombia,2,1,0,1,2017-12-30,340
-73.0838421042532,3.90941304885017,Colombia,5,2,0,3,2017-12-31,341
-73.0838421042532,3.90941304885017,Colombia,5,4,0,1,2018-01-01,342
-73.0838421042532,3.90941304885017,Colombia,4,2,0,2,2018-01-02,343
-73.0838421042532,3.90941304885017,Colombia,4,2,0,2,2018-01-03,344
-73.0838421042532,3.90941304885017,Colombia,6,2,2,2,2018-01-04,345
-73.0838421042532,3.90941304885017,Colombia,1,1,0,0,2018-01-05,346
-73.0838421042532,3.90941304885017,Colombia,1,1,0,0,2018-01-08,347
-66.1688402630644,7.12773153698132,Venezuela,2,1,1,0,2017-10-25,348
-66.1688402630644,7.12773153698132,Venezuela,1,0,0,1,2017-10-26,349
-66.1688402630644,7.12773153698132,Venezuela,1,1,0,0,2017-11-03,350
-66.1688402630644,7.12773153698132,Venezuela,1,1,0,0,2017-11-04,351
-66.1688402630644,7.12773153698132,Venezuela,1,1,0,0,2017-11-06,352
-66.1688402630644,7.12773153698132,Venezuela,3,0,1,2,2017-11-07,353
-66.1688402630644,7.12773153698132,Venezuela,2,0,2,0,2017-11-14,354
-66.1688402630644,7.12773153698132,Venezuela,2,0,0,2,2017-11-15,355
-66.1688402630644,7.12773153698132,Venezuela,1,0,0,1,2017-11-17,356
-66.1688402630644,7.12773153698132,Venezuela,2,0,2,0,2017-11-21,357
-66.1688402630644,7.12773153698132,Venezuela,6,1,4,1,2017-11-22,358
-66.1688402630644,7.12773153698132,Venezuela,4,1,0,3,2017-11-23,359
-66.1688402630644,7.12773153698132,Venezuela,2,0,0,2,2017-11-24,360
-66.1688402630644,7.12773153698132,Venezuela,5,1,1,3,2017-11-25,361
-66.1688402630644,7.12773153698132,Venezuela,1,1,0,0,2017-11-26,362
-66.1688402630644,7.12773153698132,Venezuela,6,2,1,3,2017-11-27,363
-66.1688402630644,7.12773153698132,Venezuela,2,0,1,1,2017-11-28,364
-66.1688402630644,7.12773153698132,Venezuela,3,2,0,1,2017-11-29,365
-66.1688402630644,7.12773153698132,Venezuela,2,1,1,0,2017-11-30,366
-66.1688402630644,7.12773153698132,Venezuela,1,1,0,0,2017-12-04,367
-66.1688402630644,7.12773153698132,Venezuela,2,0,1,1,2017-12-06,368
-66.1688402630644,7.12773153698132,Venezuela,7,2,0,5,2017-12-12,369
-66.1688402630644,7.12773153698132,Venezuela,5,2,0,3,2017-12-13,370
-66.1688402630644,7.12773153698132,Venezuela,7,2,3,2,2017-12-14,371
-66.1688402630644,7.12773153698132,Venezuela,4,0,2,2,2017-12-15,372
-66.1688402630644,7.12773153698132,Venezuela,3,1,1,1,2017-12-16,373
-66.1688402630644,7.12773153698132,Venezuela,4,0,1,3,2017-12-17,374
-66.1688402630644,7.12773153698132,Venezuela,3,1,1,1,2017-12-18,375
-66.1688402630644,7.12773153698132,Venezuela,4,1,1,2,2017-12-19,376
-66.1688402630644,7.12773153698132,Venezuela,2,0,1,1,2017-12-21,377
-66.1688402630644,7.12773153698132,Venezuela,6,3,1,2,2017-12-22,378
-66.1688402630644,7.12773153698132,Venezuela,2,2,0,0,2017-12-23,379
-66.1688402630644,7.12773153698132,Venezuela,1,1,0,0,2017-12-24,380
-66.1688402630644,7.12773153698132,Venezuela,1,1,0,0,2017-12-26,381
-66.1688402630644,7.12773153698132,Venezuela,4,1,2,1,2017-12-27,382
-66.1688402630644,7.12773153698132,Venezuela,2,1,1,0,2017-12-28,383
-66.1688402630644,7.12773153698132,Venezuela,4,2,0,2,2017-12-29,384
-66.1688402630644,7.12773153698132,Venezuela,3,2,0,1,2017-12-30,385
-66.1688402630644,7.12773153698132,Venezuela,3,1,0,2,2018-01-01,386
-66.1688402630644,7.12773153698132,Venezuela,1,0,0,1,2018-01-02,387
-66.1688402630644,7.12773153698132,Venezuela,6,5,0,1,2018-01-03,388
-66.1688402630644,7.12773153698132,Venezuela,7,2,0,5,2018-01-04,389
-66.1688402630644,7.12773153698132,Venezuela,3,0,3,0,2018-01-08,390
-84.1935975600336,9.97330952025084,Costa Rica,1,1,0,0,2017-11-06,391
-84.1935975600336,9.97330952025084,Costa Rica,1,1,0,0,2017-12-01,392
-84.1935975600336,9.97330952025084,Costa Rica,1,0,1,0,2017-12-15,393
-84.1935975600336,9.97330952025084,Costa Rica,1,1,0,0,2017-12-24,394
-84.1935975600336,9.97330952025084,Costa Rica,1,0,1,0,2017-12-28,395
-85.0333383724441,12.8453925983617,Nicaragua,2,2,0,0,2017-10-25,396
-85.0333383724441,12.8453925983617,Nicaragua,3,0,1,2,2017-11-17,397
-85.0333383724441,12.8453925983617,Nicaragua,1,1,0,0,2017-11-26,398
-85.0333383724441,12.8453925983617,Nicaragua,2,0,1,1,2017-11-29,399
-85.0333383724441,12.8453925983617,Nicaragua,1,1,0,0,2017-12-02,400
-85.0333383724441,12.8453925983617,Nicaragua,1,1,0,0,2017-12-12,401
-85.0333383724441,12.8453925983617,Nicaragua,1,0,0,1,2017-12-13,402
-85.0333383724441,12.8453925983617,Nicaragua,1,0,0,1,2017-12-16,403
-85.0333383724441,12.8453925983617,Nicaragua,1,0,1,0,2017-12-17,404
-85.0333383724441,12.8453925983617,Nicaragua,1,1,0,0,2017-12-18,405
-85.0333383724441,12.8453925983617,Nicaragua,1,0,1,0,2017-12-19,406
-85.0333383724441,12.8453925983617,Nicaragua,1,0,1,0,2017-12-21,407
-85.0333383724441,12.8453925983617,Nicaragua,1,0,0,1,2017-12-26,408
-85.0333383724441,12.8453925983617,Nicaragua,3,1,1,1,2017-12-27,409
-85.0333383724441,12.8453925983617,Nicaragua,1,0,0,1,2018-01-01,410
-85.0333383724441,12.8453925983617,Nicaragua,2,2,0,0,2018-01-04,411
-90.3601574580593,15.6960164812409,Guatemala,1,0,0,1,2017-12-25,412
-8.39643504967285,29.841692143052,Morocco,4,2,1,1,2017-10-25,413
-8.39643504967285,29.841692143052,Morocco,1,1,0,0,2017-10-27,414
-8.39643504967285,29.841692143052,Morocco,2,0,0,2,2017-10-30,415
-8.39643504967285,29.841692143052,Morocco,1,0,1,0,2017-11-20,416
-8.39643504967285,29.841692143052,Morocco,1,0,1,0,2017-11-21,417
-8.39643504967285,29.841692143052,Morocco,2,1,0,1,2017-11-23,418
-8.39643504967285,29.841692143052,Morocco,1,0,0,1,2017-11-27,419
-8.39643504967285,29.841692143052,Morocco,1,0,0,1,2017-11-30,420
-8.39643504967285,29.841692143052,Morocco,2,0,1,1,2017-12-13,421
-8.39643504967285,29.841692143052,Morocco,1,1,0,0,2017-12-21,422
-8.39643504967285,29.841692143052,Morocco,2,0,1,1,2017-12-28,423
-8.39643504967285,29.841692143052,Morocco,6,4,1,1,2017-12-29,424
-3.65263701695228,40.2272337014188,Spain,60,29,10,21,2017-10-25,425
-3.65263701695228,40.2272337014188,Spain,39,15,11,13,2017-10-26,426
-3.65263701695228,40.2272337014188,Spain,24,13,4,7,2017-10-27,427
-3.65263701695228,40.2272337014188,Spain,36,8,12,16,2017-10-30,428
-3.65263701695228,40.2272337014188,Spain,14,1,3,10,2017-10-31,429
-3.65263701695228,40.2272337014188,Spain,20,10,4,6,2017-11-02,430
-3.65263701695228,40.2272337014188,Spain,45,22,9,14,2017-11-03,431
-3.65263701695228,40.2272337014188,Spain,17,4,5,8,2017-11-04,432
-3.65263701695228,40.2272337014188,Spain,15,14,0,1,2017-11-05,433
-3.65263701695228,40.2272337014188,Spain,32,17,6,9,2017-11-06,434
-3.65263701695228,40.2272337014188,Spain,22,11,5,6,2017-11-07,435
-3.65263701695228,40.2272337014188,Spain,11,4,2,5,2017-11-09,436
-3.65263701695228,40.2272337014188,Spain,21,12,3,6,2017-11-13,437
-3.65263701695228,40.2272337014188,Spain,50,20,12,18,2017-11-14,438
-3.65263701695228,40.2272337014188,Spain,35,17,6,12,2017-11-15,439
-3.65263701695228,40.2272337014188,Spain,31,14,10,7,2017-11-16,440
-3.65263701695228,40.2272337014188,Spain,47,26,7,14,2017-11-17,441
-3.65263701695228,40.2272337014188,Spain,22,8,6,8,2017-11-20,442
-3.65263701695228,40.2272337014188,Spain,59,21,26,12,2017-11-21,443
-3.65263701695228,40.2272337014188,Spain,45,19,10,16,2017-11-22,444
-3.65263701695228,40.2272337014188,Spain,33,18,4,11,2017-11-23,445
-3.65263701695228,40.2272337014188,Spain,25,15,4,6,2017-11-24,446
-3.65263701695228,40.2272337014188,Spain,15,9,2,4,2017-11-25,447
-3.65263701695228,40.2272337014188,Spain,22,12,2,8,2017-11-26,448
-3.65263701695228,40.2272337014188,Spain,32,18,2,12,2017-11-27,449
-3.65263701695228,40.2272337014188,Spain,47,31,6,10,2017-11-28,450
-3.65263701695228,40.2272337014188,Spain,45,22,11,12,2017-11-29,451
-3.65263701695228,40.2272337014188,Spain,68,31,7,30,2017-11-30,452
-3.65263701695228,40.2272337014188,Spain,30,15,3,12,2017-12-01,453
-3.65263701695228,40.2272337014188,Spain,27,7,10,10,2017-12-02,454
-3.65263701695228,40.2272337014188,Spain,28,12,6,10,2017-12-03,455
-3.65263701695228,40.2272337014188,Spain,37,16,3,18,2017-12-04,456
-3.65263701695228,40.2272337014188,Spain,20,12,4,4,2017-12-05,457
-3.65263701695228,40.2272337014188,Spain,13,7,2,4,2017-12-06,458
-3.65263701695228,40.2272337014188,Spain,45,29,8,8,2017-12-12,459
-3.65263701695228,40.2272337014188,Spain,65,36,10,19,2017-12-13,460
-3.65263701695228,40.2272337014188,Spain,106,45,26,35,2017-12-14,461
-3.65263701695228,40.2272337014188,Spain,70,29,20,21,2017-12-15,462
-3.65263701695228,40.2272337014188,Spain,25,13,3,9,2017-12-16,463
-3.65263701695228,40.2272337014188,Spain,35,14,3,18,2017-12-17,464
-3.65263701695228,40.2272337014188,Spain,49,22,11,16,2017-12-18,465
-3.65263701695228,40.2272337014188,Spain,61,24,9,28,2017-12-19,466
-3.65263701695228,40.2272337014188,Spain,12,6,2,4,2017-12-21,467
-3.65263701695228,40.2272337014188,Spain,35,16,5,14,2017-12-22,468
-3.65263701695228,40.2272337014188,Spain,24,19,2,3,2017-12-23,469
-3.65263701695228,40.2272337014188,Spain,20,17,2,1,2017-12-24,470
-3.65263701695228,40.2272337014188,Spain,23,13,8,2,2017-12-25,471
-3.65263701695228,40.2272337014188,Spain,30,17,4,9,2017-12-26,472
-3.65263701695228,40.2272337014188,Spain,30,15,6,9,2017-12-27,473
-3.65263701695228,40.2272337014188,Spain,31,16,6,9,2017-12-28,474
-3.65263701695228,40.2272337014188,Spain,32,15,5,12,2017-12-29,475
-3.65263701695228,40.2272337014188,Spain,13,8,2,3,2017-12-30,476
-3.65263701695228,40.2272337014188,Spain,11,7,2,2,2017-12-31,477
-3.65263701695228,40.2272337014188,Spain,20,9,3,8,2018-01-01,478
-3.65263701695228,40.2272337014188,Spain,32,16,7,9,2018-01-02,479
-3.65263701695228,40.2272337014188,Spain,41,22,10,9,2018-01-03,480
-3.65263701695228,40.2272337014188,Spain,57,35,7,15,2018-01-04,481
-3.65263701695228,40.2272337014188,Spain,1,0,0,1,2018-01-05,482
-3.65263701695228,40.2272337014188,Spain,38,18,10,10,2018-01-08,483
-2.88695151937498,54.1470481882281,United Kingdom,2,1,1,0,2017-10-25,484
-2.88695151937498,54.1470481882281,United Kingdom,2,2,0,0,2017-10-26,485
-2.88695151937498,54.1470481882281,United Kingdom,3,2,1,0,2017-10-30,486
-2.88695151937498,54.1470481882281,United Kingdom,1,0,1,0,2017-10-31,487
-2.88695151937498,54.1470481882281,United Kingdom,1,0,0,1,2017-11-02,488
-2.88695151937498,54.1470481882281,United Kingdom,2,0,0,2,2017-11-03,489
-2.88695151937498,54.1470481882281,United Kingdom,1,1,0,0,2017-11-04,490
-2.88695151937498,54.1470481882281,United Kingdom,1,0,0,1,2017-11-05,491
-2.88695151937498,54.1470481882281,United Kingdom,1,1,0,0,2017-11-06,492
-2.88695151937498,54.1470481882281,United Kingdom,1,0,1,0,2017-11-09,493
-2.88695151937498,54.1470481882281,United Kingdom,1,0,0,1,2017-11-13,494
-2.88695151937498,54.1470481882281,United Kingdom,1,0,0,1,2017-11-14,495
-2.88695151937498,54.1470481882281,United Kingdom,3,2,0,1,2017-11-15,496
-2.88695151937498,54.1470481882281,United Kingdom,5,3,2,0,2017-11-16,497
-2.88695151937498,54.1470481882281,United Kingdom,1,0,0,1,2017-11-20,498
-2.88695151937498,54.1470481882281,United Kingdom,1,0,0,1,2017-11-21,499
-2.88695151937498,54.1470481882281,United Kingdom,1,0,0,1,2017-11-22,500
-2.88695151937498,54.1470481882281,United Kingdom,8,5,0,3,2017-11-23,501
-2.88695151937498,54.1470481882281,United Kingdom,2,1,0,1,2017-11-24,502
-2.88695151937498,54.1470481882281,United Kingdom,2,0,1,1,2017-11-25,503
-2.88695151937498,54.1470481882281,United Kingdom,2,1,0,1,2017-11-26,504
-2.88695151937498,54.1470481882281,United Kingdom,5,4,1,0,2017-11-27,505
-2.88695151937498,54.1470481882281,United Kingdom,5,2,2,1,2017-11-28,506
-2.88695151937498,54.1470481882281,United Kingdom,2,2,0,0,2017-11-29,507
-2.88695151937498,54.1470481882281,United Kingdom,7,2,0,5,2017-11-30,508
-2.88695151937498,54.1470481882281,United Kingdom,1,1,0,0,2017-12-01,509
-2.88695151937498,54.1470481882281,United Kingdom,1,1,0,0,2017-12-02,510
-2.88695151937498,54.1470481882281,United Kingdom,2,0,1,1,2017-12-03,511
-2.88695151937498,54.1470481882281,United Kingdom,1,0,1,0,2017-12-04,512
-2.88695151937498,54.1470481882281,United Kingdom,6,4,1,1,2017-12-12,513
-2.88695151937498,54.1470481882281,United Kingdom,2,2,0,0,2017-12-13,514
-2.88695151937498,54.1470481882281,United Kingdom,2,1,0,1,2017-12-14,515
-2.88695151937498,54.1470481882281,United Kingdom,3,2,1,0,2017-12-15,516
-2.88695151937498,54.1470481882281,United Kingdom,2,1,0,1,2017-12-16,517
-2.88695151937498,54.1470481882281,United Kingdom,1,1,0,0,2017-12-17,518
-2.88695151937498,54.1470481882281,United Kingdom,6,3,3,0,2017-12-18,519
-2.88695151937498,54.1470481882281,United Kingdom,4,4,0,0,2017-12-19,520
-2.88695151937498,54.1470481882281,United Kingdom,3,2,0,1,2017-12-21,521
-2.88695151937498,54.1470481882281,United Kingdom,7,5,0,2,2017-12-22,522
-2.88695151937498,54.1470481882281,United Kingdom,5,1,2,2,2017-12-23,523
-2.88695151937498,54.1470481882281,United Kingdom,2,2,0,0,2017-12-24,524
-2.88695151937498,54.1470481882281,United Kingdom,3,1,1,1,2017-12-25,525
-2.88695151937498,54.1470481882281,United Kingdom,3,0,1,2,2017-12-26,526
-2.88695151937498,54.1470481882281,United Kingdom,8,3,4,1,2017-12-27,527
-2.88695151937498,54.1470481882281,United Kingdom,1,0,0,1,2017-12-28,528
-2.88695151937498,54.1470481882281,United Kingdom,2,0,1,1,2017-12-29,529
-2.88695151937498,54.1470481882281,United Kingdom,1,0,1,0,2017-12-31,530
-2.88695151937498,54.1470481882281,United Kingdom,3,2,0,1,2018-01-01,531
-2.88695151937498,54.1470481882281,United Kingdom,3,1,0,2,2018-01-02,532
-2.88695151937498,54.1470481882281,United Kingdom,6,2,2,2,2018-01-03,533
-2.88695151937498,54.1470481882281,United Kingdom,1,0,0,1,2018-01-04,534
-2.88695151937498,54.1470481882281,United Kingdom,3,2,1,0,2018-01-08,535
-8.14504467255118,53.1782213727137,Ireland,1,1,0,0,2017-10-26,536
-8.14504467255118,53.1782213727137,Ireland,1,0,0,1,2017-10-30,537
-8.14504467255118,53.1782213727137,Ireland,1,1,0,0,2017-11-03,538
-8.14504467255118,53.1782213727137,Ireland,1,0,0,1,2017-11-21,539
-8.14504467255118,53.1782213727137,Ireland,5,2,0,3,2017-11-23,540
-8.14504467255118,53.1782213727137,Ireland,1,0,0,1,2017-11-24,541
-8.14504467255118,53.1782213727137,Ireland,1,1,0,0,2017-11-26,542
-8.14504467255118,53.1782213727137,Ireland,1,1,0,0,2017-11-29,543
-8.14504467255118,53.1782213727137,Ireland,1,0,1,0,2017-11-30,544
-8.14504467255118,53.1782213727137,Ireland,1,0,0,1,2017-12-12,545
-8.14504467255118,53.1782213727137,Ireland,2,1,1,0,2017-12-14,546
-8.14504467255118,53.1782213727137,Ireland,1,0,1,0,2017-12-15,547
-8.14504467255118,53.1782213727137,Ireland,2,1,1,0,2017-12-18,548
-8.14504467255118,53.1782213727137,Ireland,1,0,1,0,2017-12-19,549
-8.14504467255118,53.1782213727137,Ireland,1,1,0,0,2017-12-23,550
-8.14504467255118,53.1782213727137,Ireland,1,1,0,0,2017-12-27,551
-8.14504467255118,53.1782213727137,Ireland,1,1,0,0,2017-12-29,552
-8.14504467255118,53.1782213727137,Ireland,1,1,0,0,2017-12-30,553
-8.14504467255118,53.1782213727137,Ireland,2,0,0,2,2018-01-02,554
-8.14504467255118,53.1782213727137,Ireland,3,1,1,1,2018-01-03,555
-62.8326196248882,17.9055845218492,St-Barth√©lemy,1,0,0,1,2017-11-17,556
-8.59083758900591,39.5871468638992,Portugal,2,0,0,2,2017-10-30,557
-8.59083758900591,39.5871468638992,Portugal,2,0,1,1,2017-11-03,558
-8.59083758900591,39.5871468638992,Portugal,1,1,0,0,2017-11-15,559
-8.59083758900591,39.5871468638992,Portugal,1,0,0,1,2017-11-20,560
-8.59083758900591,39.5871468638992,Portugal,1,0,1,0,2017-11-22,561
-8.59083758900591,39.5871468638992,Portugal,1,1,0,0,2017-11-23,562
-8.59083758900591,39.5871468638992,Portugal,1,0,1,0,2017-11-26,563
-8.59083758900591,39.5871468638992,Portugal,2,2,0,0,2017-11-28,564
-8.59083758900591,39.5871468638992,Portugal,1,1,0,0,2017-12-02,565
-8.59083758900591,39.5871468638992,Portugal,2,2,0,0,2017-12-12,566
-8.59083758900591,39.5871468638992,Portugal,2,1,1,0,2017-12-14,567
-8.59083758900591,39.5871468638992,Portugal,2,1,1,0,2017-12-15,568
-8.59083758900591,39.5871468638992,Portugal,2,0,0,2,2017-12-19,569
-8.59083758900591,39.5871468638992,Portugal,1,0,0,1,2017-12-24,570
-8.59083758900591,39.5871468638992,Portugal,2,2,0,0,2017-12-27,571
-8.59083758900591,39.5871468638992,Portugal,1,0,0,1,2018-01-03,572
5.21681420919571,52.0697916543511,Netherlands,4,3,0,1,2017-10-25,573
5.21681420919571,52.0697916543511,Netherlands,2,0,1,1,2017-10-26,574
5.21681420919571,52.0697916543511,Netherlands,2,0,1,1,2017-10-27,575
5.21681420919571,52.0697916543511,Netherlands,4,3,0,1,2017-10-30,576
5.21681420919571,52.0697916543511,Netherlands,3,2,0,1,2017-10-31,577
5.21681420919571,52.0697916543511,Netherlands,3,2,0,1,2017-11-02,578
5.21681420919571,52.0697916543511,Netherlands,5,4,0,1,2017-11-03,579
5.21681420919571,52.0697916543511,Netherlands,6,3,3,0,2017-11-04,580
5.21681420919571,52.0697916543511,Netherlands,5,3,1,1,2017-11-05,581
5.21681420919571,52.0697916543511,Netherlands,3,1,0,2,2017-11-06,582
5.21681420919571,52.0697916543511,Netherlands,5,1,1,3,2017-11-07,583
5.21681420919571,52.0697916543511,Netherlands,1,0,1,0,2017-11-13,584
5.21681420919571,52.0697916543511,Netherlands,2,0,2,0,2017-11-14,585
5.21681420919571,52.0697916543511,Netherlands,5,4,0,1,2017-11-15,586
5.21681420919571,52.0697916543511,Netherlands,6,2,4,0,2017-11-16,587
5.21681420919571,52.0697916543511,Netherlands,3,3,0,0,2017-11-20,588
5.21681420919571,52.0697916543511,Netherlands,6,3,1,2,2017-11-21,589
5.21681420919571,52.0697916543511,Netherlands,5,2,1,2,2017-11-22,590
5.21681420919571,52.0697916543511,Netherlands,7,4,2,1,2017-11-23,591
5.21681420919571,52.0697916543511,Netherlands,8,3,2,3,2017-11-24,592
5.21681420919571,52.0697916543511,Netherlands,3,2,1,0,2017-11-25,593
5.21681420919571,52.0697916543511,Netherlands,3,1,2,0,2017-11-26,594
5.21681420919571,52.0697916543511,Netherlands,8,5,2,1,2017-11-27,595
5.21681420919571,52.0697916543511,Netherlands,3,3,0,0,2017-11-28,596
5.21681420919571,52.0697916543511,Netherlands,5,3,1,1,2017-11-29,597
5.21681420919571,52.0697916543511,Netherlands,7,3,2,2,2017-11-30,598
5.21681420919571,52.0697916543511,Netherlands,4,3,0,1,2017-12-01,599
5.21681420919571,52.0697916543511,Netherlands,2,2,0,0,2017-12-02,600
5.21681420919571,52.0697916543511,Netherlands,3,2,0,1,2017-12-03,601
5.21681420919571,52.0697916543511,Netherlands,4,2,1,1,2017-12-04,602
5.21681420919571,52.0697916543511,Netherlands,3,2,0,1,2017-12-05,603
5.21681420919571,52.0697916543511,Netherlands,6,3,1,2,2017-12-06,604
5.21681420919571,52.0697916543511,Netherlands,5,4,0,1,2017-12-12,605
5.21681420919571,52.0697916543511,Netherlands,13,11,1,1,2017-12-13,606
5.21681420919571,52.0697916543511,Netherlands,10,4,4,2,2017-12-14,607
5.21681420919571,52.0697916543511,Netherlands,3,3,0,0,2017-12-15,608
5.21681420919571,52.0697916543511,Netherlands,2,0,1,1,2017-12-16,609
5.21681420919571,52.0697916543511,Netherlands,3,2,0,1,2017-12-17,610
5.21681420919571,52.0697916543511,Netherlands,4,2,1,1,2017-12-18,611
5.21681420919571,52.0697916543511,Netherlands,2,0,1,1,2017-12-19,612
5.21681420919571,52.0697916543511,Netherlands,5,4,0,1,2017-12-22,613
5.21681420919571,52.0697916543511,Netherlands,2,0,0,2,2017-12-23,614
5.21681420919571,52.0697916543511,Netherlands,3,2,1,0,2017-12-24,615
5.21681420919571,52.0697916543511,Netherlands,2,1,0,1,2017-12-26,616
5.21681420919571,52.0697916543511,Netherlands,3,1,1,1,2017-12-27,617
5.21681420919571,52.0697916543511,Netherlands,5,3,0,2,2017-12-28,618
5.21681420919571,52.0697916543511,Netherlands,2,1,0,1,2017-12-29,619
5.21681420919571,52.0697916543511,Netherlands,2,1,0,1,2017-12-30,620
5.21681420919571,52.0697916543511,Netherlands,3,1,1,1,2017-12-31,621
5.21681420919571,52.0697916543511,Netherlands,1,0,0,1,2018-01-01,622
5.21681420919571,52.0697916543511,Netherlands,4,1,0,3,2018-01-02,623
5.21681420919571,52.0697916543511,Netherlands,9,5,1,3,2018-01-03,624
5.21681420919571,52.0697916543511,Netherlands,6,4,1,1,2018-01-04,625
5.21681420919571,52.0697916543511,Netherlands,4,2,2,0,2018-01-08,626
-66.46760029282,18.2238164654078,Puerto Rico,1,0,1,0,2017-12-05,627
-102.530307873528,23.949171200329,Mexico,1,1,0,0,2017-10-25,628
-102.530307873528,23.949171200329,Mexico,3,2,1,0,2017-10-27,629
-102.530307873528,23.949171200329,Mexico,2,0,1,1,2017-10-30,630
-102.530307873528,23.949171200329,Mexico,1,0,1,0,2017-10-31,631
-102.530307873528,23.949171200329,Mexico,1,0,0,1,2017-11-02,632
-102.530307873528,23.949171200329,Mexico,1,1,0,0,2017-11-03,633
-102.530307873528,23.949171200329,Mexico,2,0,0,2,2017-11-05,634
-102.530307873528,23.949171200329,Mexico,4,1,2,1,2017-11-06,635
-102.530307873528,23.949171200329,Mexico,2,2,0,0,2017-11-13,636
-102.530307873528,23.949171200329,Mexico,2,1,1,0,2017-11-16,637
-102.530307873528,23.949171200329,Mexico,4,3,1,0,2017-11-17,638
-102.530307873528,23.949171200329,Mexico,5,2,0,3,2017-11-20,639
-102.530307873528,23.949171200329,Mexico,8,3,3,2,2017-11-21,640
-102.530307873528,23.949171200329,Mexico,1,1,0,0,2017-11-22,641
-102.530307873528,23.949171200329,Mexico,2,0,1,1,2017-11-23,642
-102.530307873528,23.949171200329,Mexico,2,1,0,1,2017-11-25,643
-102.530307873528,23.949171200329,Mexico,3,0,1,2,2017-11-27,644
-102.530307873528,23.949171200329,Mexico,2,2,0,0,2017-11-28,645
-102.530307873528,23.949171200329,Mexico,3,0,1,2,2017-11-29,646
-102.530307873528,23.949171200329,Mexico,4,0,2,2,2017-11-30,647
-102.530307873528,23.949171200329,Mexico,2,1,0,1,2017-12-01,648
-102.530307873528,23.949171200329,Mexico,4,2,1,1,2017-12-04,649
-102.530307873528,23.949171200329,Mexico,3,3,0,0,2017-12-05,650
-102.530307873528,23.949171200329,Mexico,2,2,0,0,2017-12-06,651
-102.530307873528,23.949171200329,Mexico,4,3,0,1,2017-12-12,652
-102.530307873528,23.949171200329,Mexico,3,2,0,1,2017-12-13,653
-102.530307873528,23.949171200329,Mexico,2,0,2,0,2017-12-14,654
-102.530307873528,23.949171200329,Mexico,3,2,0,1,2017-12-15,655
-102.530307873528,23.949171200329,Mexico,2,0,1,1,2017-12-16,656
-102.530307873528,23.949171200329,Mexico,1,1,0,0,2017-12-18,657
-102.530307873528,23.949171200329,Mexico,3,0,1,2,2017-12-19,658
-102.530307873528,23.949171200329,Mexico,6,6,0,0,2017-12-21,659
-102.530307873528,23.949171200329,Mexico,1,1,0,0,2017-12-22,660
-102.530307873528,23.949171200329,Mexico,3,2,0,1,2017-12-23,661
-102.530307873528,23.949171200329,Mexico,3,0,1,2,2017-12-27,662
-102.530307873528,23.949171200329,Mexico,1,1,0,0,2017-12-28,663
-102.530307873528,23.949171200329,Mexico,1,0,0,1,2017-12-29,664
-102.530307873528,23.949171200329,Mexico,1,0,1,0,2017-12-31,665
-102.530307873528,23.949171200329,Mexico,3,1,0,2,2018-01-01,666
-102.530307873528,23.949171200329,Mexico,3,0,1,2,2018-01-02,667
-102.530307873528,23.949171200329,Mexico,5,3,0,2,2018-01-03,668
-102.530307873528,23.949171200329,Mexico,5,2,0,3,2018-01-04,669
-98.2939043084674,61.3764628025417,Canada,11,1,3,7,2017-10-25,670
-98.2939043084674,61.3764628025417,Canada,6,4,1,1,2017-10-26,671
-98.2939043084674,61.3764628025417,Canada,3,1,1,1,2017-10-27,672
-98.2939043084674,61.3764628025417,Canada,1,1,0,0,2017-10-28,673
-98.2939043084674,61.3764628025417,Canada,10,3,2,5,2017-10-30,674
-98.2939043084674,61.3764628025417,Canada,7,5,2,0,2017-11-02,675
-98.2939043084674,61.3764628025417,Canada,7,3,1,3,2017-11-03,676
-98.2939043084674,61.3764628025417,Canada,4,2,1,1,2017-11-04,677
-98.2939043084674,61.3764628025417,Canada,6,1,1,4,2017-11-05,678
-98.2939043084674,61.3764628025417,Canada,3,1,0,2,2017-11-06,679
-98.2939043084674,61.3764628025417,Canada,7,3,1,3,2017-11-07,680
-98.2939043084674,61.3764628025417,Canada,5,4,1,0,2017-11-13,681
-98.2939043084674,61.3764628025417,Canada,4,1,2,1,2017-11-14,682
-98.2939043084674,61.3764628025417,Canada,3,1,2,0,2017-11-15,683
-98.2939043084674,61.3764628025417,Canada,2,2,0,0,2017-11-16,684
-98.2939043084674,61.3764628025417,Canada,9,3,2,4,2017-11-17,685
-98.2939043084674,61.3764628025417,Canada,4,1,1,2,2017-11-20,686
-98.2939043084674,61.3764628025417,Canada,11,1,8,2,2017-11-21,687
-98.2939043084674,61.3764628025417,Canada,9,6,2,1,2017-11-22,688
-98.2939043084674,61.3764628025417,Canada,9,3,2,4,2017-11-23,689
-98.2939043084674,61.3764628025417,Canada,8,4,1,3,2017-11-24,690
-98.2939043084674,61.3764628025417,Canada,8,2,2,4,2017-11-25,691
-98.2939043084674,61.3764628025417,Canada,6,4,0,2,2017-11-26,692
-98.2939043084674,61.3764628025417,Canada,9,3,3,3,2017-11-27,693
-98.2939043084674,61.3764628025417,Canada,10,4,3,3,2017-11-28,694
-98.2939043084674,61.3764628025417,Canada,15,4,7,4,2017-11-29,695
-98.2939043084674,61.3764628025417,Canada,13,3,3,7,2017-11-30,696
-98.2939043084674,61.3764628025417,Canada,9,5,1,3,2017-12-01,697
-98.2939043084674,61.3764628025417,Canada,6,5,1,0,2017-12-02,698
-98.2939043084674,61.3764628025417,Canada,2,2,0,0,2017-12-03,699
-98.2939043084674,61.3764628025417,Canada,7,4,2,1,2017-12-04,700
-98.2939043084674,61.3764628025417,Canada,18,9,3,6,2017-12-05,701
-98.2939043084674,61.3764628025417,Canada,5,3,1,1,2017-12-06,702
-98.2939043084674,61.3764628025417,Canada,20,12,3,5,2017-12-12,703
-98.2939043084674,61.3764628025417,Canada,14,7,2,5,2017-12-13,704
-98.2939043084674,61.3764628025417,Canada,14,10,1,3,2017-12-14,705
-98.2939043084674,61.3764628025417,Canada,23,8,5,10,2017-12-15,706
-98.2939043084674,61.3764628025417,Canada,4,1,2,1,2017-12-16,707
-98.2939043084674,61.3764628025417,Canada,5,2,1,2,2017-12-17,708
-98.2939043084674,61.3764628025417,Canada,15,5,6,4,2017-12-18,709
-98.2939043084674,61.3764628025417,Canada,17,7,1,9,2017-12-19,710
-98.2939043084674,61.3764628025417,Canada,8,2,2,4,2017-12-21,711
-98.2939043084674,61.3764628025417,Canada,7,5,1,1,2017-12-22,712
-98.2939043084674,61.3764628025417,Canada,5,2,1,2,2017-12-23,713
-98.2939043084674,61.3764628025417,Canada,5,4,0,1,2017-12-24,714
-98.2939043084674,61.3764628025417,Canada,7,6,0,1,2017-12-25,715
-98.2939043084674,61.3764628025417,Canada,24,24,0,0,2017-12-26,716
-98.2939043084674,61.3764628025417,Canada,7,4,1,2,2017-12-27,717
-98.2939043084674,61.3764628025417,Canada,6,4,1,1,2017-12-28,718
-98.2939043084674,61.3764628025417,Canada,7,2,0,5,2017-12-29,719
-98.2939043084674,61.3764628025417,Canada,7,2,2,3,2017-12-30,720
-98.2939043084674,61.3764628025417,Canada,5,3,1,1,2017-12-31,721
-98.2939043084674,61.3764628025417,Canada,4,0,2,2,2018-01-01,722
-98.2939043084674,61.3764628025417,Canada,5,1,2,2,2018-01-02,723
-98.2939043084674,61.3764628025417,Canada,11,6,1,4,2018-01-03,724
-98.2939043084674,61.3764628025417,Canada,14,7,3,4,2018-01-04,725
-98.2939043084674,61.3764628025417,Canada,5,3,1,1,2018-01-08,726
-41.3457393667502,74.7359906215611,Greenland,4,1,1,2,2017-10-25,727
-41.3457393667502,74.7359906215611,Greenland,5,2,1,2,2017-10-26,728
-41.3457393667502,74.7359906215611,Greenland,5,3,0,2,2017-10-27,729
-41.3457393667502,74.7359906215611,Greenland,7,5,0,2,2017-10-30,730
-41.3457393667502,74.7359906215611,Greenland,5,3,1,1,2017-10-31,731
-41.3457393667502,74.7359906215611,Greenland,2,0,1,1,2017-11-02,732
-41.3457393667502,74.7359906215611,Greenland,2,1,0,1,2017-11-03,733
-41.3457393667502,74.7359906215611,Greenland,4,2,0,2,2017-11-04,734
-41.3457393667502,74.7359906215611,Greenland,2,1,1,0,2017-11-05,735
-41.3457393667502,74.7359906215611,Greenland,3,2,0,1,2017-11-06,736
-41.3457393667502,74.7359906215611,Greenland,7,4,2,1,2017-11-07,737
-41.3457393667502,74.7359906215611,Greenland,5,3,0,2,2017-11-13,738
-41.3457393667502,74.7359906215611,Greenland,1,1,0,0,2017-11-14,739
-41.3457393667502,74.7359906215611,Greenland,2,1,0,1,2017-11-15,740
-41.3457393667502,74.7359906215611,Greenland,2,1,0,1,2017-11-16,741
-41.3457393667502,74.7359906215611,Greenland,3,2,1,0,2017-11-17,742
-41.3457393667502,74.7359906215611,Greenland,3,2,1,0,2017-11-20,743
-41.3457393667502,74.7359906215611,Greenland,8,5,2,1,2017-11-21,744
-41.3457393667502,74.7359906215611,Greenland,5,2,2,1,2017-11-22,745
-41.3457393667502,74.7359906215611,Greenland,2,0,0,2,2017-11-23,746
-41.3457393667502,74.7359906215611,Greenland,3,1,0,2,2017-11-24,747
-41.3457393667502,74.7359906215611,Greenland,3,2,0,1,2017-11-25,748
-41.3457393667502,74.7359906215611,Greenland,4,1,1,2,2017-11-26,749
-41.3457393667502,74.7359906215611,Greenland,2,1,0,1,2017-11-27,750
-41.3457393667502,74.7359906215611,Greenland,4,2,1,1,2017-11-28,751
-41.3457393667502,74.7359906215611,Greenland,7,5,1,1,2017-11-29,752
-41.3457393667502,74.7359906215611,Greenland,8,3,2,3,2017-11-30,753
-41.3457393667502,74.7359906215611,Greenland,3,2,0,1,2017-12-01,754
-41.3457393667502,74.7359906215611,Greenland,1,1,0,0,2017-12-02,755
-41.3457393667502,74.7359906215611,Greenland,1,0,1,0,2017-12-03,756
-41.3457393667502,74.7359906215611,Greenland,1,0,0,1,2017-12-04,757
-41.3457393667502,74.7359906215611,Greenland,4,2,0,2,2017-12-05,758
-41.3457393667502,74.7359906215611,Greenland,6,4,0,2,2017-12-06,759
-41.3457393667502,74.7359906215611,Greenland,7,6,0,1,2017-12-12,760
-41.3457393667502,74.7359906215611,Greenland,4,3,0,1,2017-12-13,761
-41.3457393667502,74.7359906215611,Greenland,14,7,4,3,2017-12-14,762
-41.3457393667502,74.7359906215611,Greenland,11,7,3,1,2017-12-15,763
-41.3457393667502,74.7359906215611,Greenland,2,1,1,0,2017-12-17,764
-41.3457393667502,74.7359906215611,Greenland,3,2,0,1,2017-12-18,765
-41.3457393667502,74.7359906215611,Greenland,9,6,2,1,2017-12-19,766
-41.3457393667502,74.7359906215611,Greenland,4,4,0,0,2017-12-21,767
-41.3457393667502,74.7359906215611,Greenland,3,1,0,2,2017-12-22,768
-41.3457393667502,74.7359906215611,Greenland,5,3,1,1,2017-12-23,769
-41.3457393667502,74.7359906215611,Greenland,3,2,1,0,2017-12-24,770
-41.3457393667502,74.7359906215611,Greenland,4,3,0,1,2017-12-25,771
-41.3457393667502,74.7359906215611,Greenland,4,2,1,1,2017-12-26,772
-41.3457393667502,74.7359906215611,Greenland,5,4,1,0,2017-12-27,773
-41.3457393667502,74.7359906215611,Greenland,3,2,0,1,2017-12-28,774
-41.3457393667502,74.7359906215611,Greenland,1,1,0,0,2017-12-29,775
-41.3457393667502,74.7359906215611,Greenland,5,4,1,0,2017-12-30,776
-41.3457393667502,74.7359906215611,Greenland,6,1,1,4,2018-01-02,777
-41.3457393667502,74.7359906215611,Greenland,8,6,1,1,2018-01-03,778
-41.3457393667502,74.7359906215611,Greenland,9,7,1,1,2018-01-04,779
-41.3457393667502,74.7359906215611,Greenland,4,2,2,0,2018-01-08,780
171.470690682136,-41.8295221695514,New Zealand,1,1,0,0,2017-12-27,781
117.270433339165,-2.22296100251739,Indonesia,1,0,1,0,2017-12-18,782
117.270433339165,-2.22296100251739,Indonesia,1,0,0,1,2017-12-23,783
23.6451136542337,-2.87979987323094,Dem. Rep. Congo,2,1,1,0,2017-11-23,784
23.6451136542337,-2.87979987323094,Dem. Rep. Congo,1,0,1,0,2017-11-24,785
23.6451136542337,-2.87979987323094,Dem. Rep. Congo,1,0,0,1,2017-12-04,786
23.6451136542337,-2.87979987323094,Dem. Rep. Congo,1,1,0,0,2017-12-12,787
23.6451136542337,-2.87979987323094,Dem. Rep. Congo,2,0,2,0,2017-12-14,788
23.6451136542337,-2.87979987323094,Dem. Rep. Congo,1,1,0,0,2017-12-18,789
23.6451136542337,-2.87979987323094,Dem. Rep. Congo,3,1,0,2,2017-12-19,790
23.6451136542337,-2.87979987323094,Dem. Rep. Congo,1,0,0,1,2017-12-22,791
23.6451136542337,-2.87979987323094,Dem. Rep. Congo,1,0,0,1,2017-12-27,792
25.0873644352381,-29.0010321782535,South Africa,1,0,1,0,2017-11-06,793
134.4911187878,-25.7323105390559,Australia,1,0,0,1,2017-12-14,794
-78.7722823112048,-1.42624147361028,Ecuador,1,0,1,0,2017-10-26,795
-78.7722823112048,-1.42624147361028,Ecuador,1,0,0,1,2017-10-28,796
-78.7722823112048,-1.42624147361028,Ecuador,1,1,0,0,2017-11-02,797
-78.7722823112048,-1.42624147361028,Ecuador,1,1,0,0,2017-11-03,798
-78.7722823112048,-1.42624147361028,Ecuador,2,1,0,1,2017-11-05,799
-78.7722823112048,-1.42624147361028,Ecuador,1,1,0,0,2017-11-14,800
-78.7722823112048,-1.42624147361028,Ecuador,1,1,0,0,2017-11-16,801
-78.7722823112048,-1.42624147361028,Ecuador,2,0,0,2,2017-11-17,802
-78.7722823112048,-1.42624147361028,Ecuador,3,1,2,0,2017-11-21,803
-78.7722823112048,-1.42624147361028,Ecuador,3,1,2,0,2017-11-22,804
-78.7722823112048,-1.42624147361028,Ecuador,1,0,0,1,2017-11-23,805
-78.7722823112048,-1.42624147361028,Ecuador,2,0,0,2,2017-11-24,806
-78.7722823112048,-1.42624147361028,Ecuador,1,1,0,0,2017-11-26,807
-78.7722823112048,-1.42624147361028,Ecuador,2,0,0,2,2017-11-27,808
-78.7722823112048,-1.42624147361028,Ecuador,1,1,0,0,2017-12-02,809
-78.7722823112048,-1.42624147361028,Ecuador,1,0,0,1,2017-12-04,810
-78.7722823112048,-1.42624147361028,Ecuador,4,1,0,3,2017-12-05,811
-78.7722823112048,-1.42624147361028,Ecuador,3,2,0,1,2017-12-12,812
-78.7722823112048,-1.42624147361028,Ecuador,1,0,1,0,2017-12-13,813
-78.7722823112048,-1.42624147361028,Ecuador,4,1,1,2,2017-12-14,814
-78.7722823112048,-1.42624147361028,Ecuador,2,0,0,2,2017-12-17,815
-78.7722823112048,-1.42624147361028,Ecuador,1,1,0,0,2017-12-18,816
-78.7722823112048,-1.42624147361028,Ecuador,1,1,0,0,2017-12-26,817
-78.7722823112048,-1.42624147361028,Ecuador,1,0,0,1,2017-12-27,818
-78.7722823112048,-1.42624147361028,Ecuador,1,0,0,1,2017-12-28,819
-78.7722823112048,-1.42624147361028,Ecuador,3,1,0,2,2018-01-03,820
-78.7722823112048,-1.42624147361028,Ecuador,1,1,0,0,2018-01-08,821
-53.0924823507096,-10.7808588509304,Brazil,1,0,0,1,2017-10-25,822
-53.0924823507096,-10.7808588509304,Brazil,1,1,0,0,2017-10-26,823
-53.0924823507096,-10.7808588509304,Brazil,2,1,1,0,2017-10-30,824
-53.0924823507096,-10.7808588509304,Brazil,3,2,1,0,2017-11-04,825
-53.0924823507096,-10.7808588509304,Brazil,2,0,1,1,2017-11-05,826
-53.0924823507096,-10.7808588509304,Brazil,3,2,1,0,2017-11-06,827
-53.0924823507096,-10.7808588509304,Brazil,2,2,0,0,2017-11-14,828
-53.0924823507096,-10.7808588509304,Brazil,1,1,0,0,2017-11-16,829
-53.0924823507096,-10.7808588509304,Brazil,2,0,1,1,2017-11-17,830
-53.0924823507096,-10.7808588509304,Brazil,2,0,2,0,2017-11-20,831
-53.0924823507096,-10.7808588509304,Brazil,2,0,0,2,2017-11-21,832
-53.0924823507096,-10.7808588509304,Brazil,2,0,0,2,2017-11-22,833
-53.0924823507096,-10.7808588509304,Brazil,1,0,0,1,2017-11-23,834
-53.0924823507096,-10.7808588509304,Brazil,1,0,1,0,2017-11-24,835
-53.0924823507096,-10.7808588509304,Brazil,1,0,1,0,2017-11-27,836
-53.0924823507096,-10.7808588509304,Brazil,1,1,0,0,2017-11-28,837
-53.0924823507096,-10.7808588509304,Brazil,1,0,0,1,2017-11-30,838
-53.0924823507096,-10.7808588509304,Brazil,2,1,0,1,2017-12-03,839
-53.0924823507096,-10.7808588509304,Brazil,1,0,1,0,2017-12-04,840
-53.0924823507096,-10.7808588509304,Brazil,4,3,0,1,2017-12-13,841
-53.0924823507096,-10.7808588509304,Brazil,2,2,0,0,2017-12-14,842
-53.0924823507096,-10.7808588509304,Brazil,1,1,0,0,2017-12-15,843
-53.0924823507096,-10.7808588509304,Brazil,4,4,0,0,2017-12-18,844
-53.0924823507096,-10.7808588509304,Brazil,2,1,0,1,2017-12-19,845
-53.0924823507096,-10.7808588509304,Brazil,1,0,0,1,2017-12-23,846
-53.0924823507096,-10.7808588509304,Brazil,1,1,0,0,2017-12-25,847
-53.0924823507096,-10.7808588509304,Brazil,2,1,0,1,2017-12-27,848
-53.0924823507096,-10.7808588509304,Brazil,2,1,1,0,2017-12-28,849
-53.0924823507096,-10.7808588509304,Brazil,1,0,0,1,2017-12-31,850
-53.0924823507096,-10.7808588509304,Brazil,2,1,1,0,2018-01-03,851
-53.0924823507096,-10.7808588509304,Brazil,1,0,0,1,2018-01-04,852
-53.0924823507096,-10.7808588509304,Brazil,1,1,0,0,2018-01-05,853
-53.0924823507096,-10.7808588509304,Brazil,2,1,0,1,2018-01-08,854
-74.3780645721071,-9.15438848075216,Peru,1,0,0,1,2017-10-26,855
-74.3780645721071,-9.15438848075216,Peru,1,0,1,0,2017-10-27,856
-74.3780645721071,-9.15438848075216,Peru,1,0,0,1,2017-10-28,857
-74.3780645721071,-9.15438848075216,Peru,1,1,0,0,2017-11-05,858
-74.3780645721071,-9.15438848075216,Peru,1,0,0,1,2017-11-07,859
-74.3780645721071,-9.15438848075216,Peru,1,0,0,1,2017-11-14,860
-74.3780645721071,-9.15438848075216,Peru,1,0,0,1,2017-11-16,861
-74.3780645721071,-9.15438848075216,Peru,1,0,0,1,2017-11-17,862
-74.3780645721071,-9.15438848075216,Peru,1,0,0,1,2017-12-05,863
-74.3780645721071,-9.15438848075216,Peru,1,0,0,1,2017-12-12,864
-74.3780645721071,-9.15438848075216,Peru,1,0,0,1,2017-12-17,865
-74.3780645721071,-9.15438848075216,Peru,2,1,0,1,2017-12-18,866
-74.3780645721071,-9.15438848075216,Peru,1,0,0,1,2017-12-22,867
-74.3780645721071,-9.15438848075216,Peru,1,0,1,0,2017-12-29,868
-64.6847537288084,-16.7068768105592,Bolivia,1,0,0,1,2017-10-25,869
-64.6847537288084,-16.7068768105592,Bolivia,1,0,0,1,2017-11-27,870
-64.6847537288084,-16.7068768105592,Bolivia,3,0,2,1,2017-12-05,871
-64.6847537288084,-16.7068768105592,Bolivia,2,1,0,1,2017-12-12,872
-64.6847537288084,-16.7068768105592,Bolivia,1,0,0,1,2017-12-14,873
-64.6847537288084,-16.7068768105592,Bolivia,2,2,0,0,2017-12-18,874
-64.6847537288084,-16.7068768105592,Bolivia,1,1,0,0,2017-12-19,875
-64.6847537288084,-16.7068768105592,Bolivia,2,1,0,1,2017-12-22,876
-64.6847537288084,-16.7068768105592,Bolivia,1,1,0,0,2018-01-03,877
-56.0171550954303,-32.79821074905,Uruguay,1,1,0,0,2017-11-21,878
-56.0171550954303,-32.79821074905,Uruguay,1,1,0,0,2017-12-26,879
-65.1781906426369,-35.3875513648563,Argentina,3,1,2,0,2017-10-25,880
-65.1781906426369,-35.3875513648563,Argentina,3,2,0,1,2017-10-26,881
-65.1781906426369,-35.3875513648563,Argentina,2,1,0,1,2017-10-27,882
-65.1781906426369,-35.3875513648563,Argentina,1,1,0,0,2017-10-28,883
-65.1781906426369,-35.3875513648563,Argentina,1,1,0,0,2017-10-30,884
-65.1781906426369,-35.3875513648563,Argentina,1,1,0,0,2017-10-31,885
-65.1781906426369,-35.3875513648563,Argentina,6,2,2,2,2017-11-02,886
-65.1781906426369,-35.3875513648563,Argentina,1,0,1,0,2017-11-03,887
-65.1781906426369,-35.3875513648563,Argentina,6,2,3,1,2017-11-04,888
-65.1781906426369,-35.3875513648563,Argentina,2,1,1,0,2017-11-05,889
-65.1781906426369,-35.3875513648563,Argentina,10,5,2,3,2017-11-06,890
-65.1781906426369,-35.3875513648563,Argentina,7,2,1,4,2017-11-07,891
-65.1781906426369,-35.3875513648563,Argentina,3,0,1,2,2017-11-09,892
-65.1781906426369,-35.3875513648563,Argentina,5,3,0,2,2017-11-14,893
-65.1781906426369,-35.3875513648563,Argentina,6,4,0,2,2017-11-15,894
-65.1781906426369,-35.3875513648563,Argentina,12,2,4,6,2017-11-16,895
-65.1781906426369,-35.3875513648563,Argentina,11,1,1,9,2017-11-17,896
-65.1781906426369,-35.3875513648563,Argentina,6,2,3,1,2017-11-20,897
-65.1781906426369,-35.3875513648563,Argentina,16,6,4,6,2017-11-21,898
-65.1781906426369,-35.3875513648563,Argentina,10,6,3,1,2017-11-22,899
-65.1781906426369,-35.3875513648563,Argentina,10,3,3,4,2017-11-23,900
-65.1781906426369,-35.3875513648563,Argentina,12,0,5,7,2017-11-24,901
-65.1781906426369,-35.3875513648563,Argentina,13,3,3,7,2017-11-25,902
-65.1781906426369,-35.3875513648563,Argentina,9,2,4,3,2017-11-26,903
-65.1781906426369,-35.3875513648563,Argentina,6,3,0,3,2017-11-27,904
-65.1781906426369,-35.3875513648563,Argentina,17,6,3,8,2017-11-28,905
-65.1781906426369,-35.3875513648563,Argentina,15,7,0,8,2017-11-29,906
-65.1781906426369,-35.3875513648563,Argentina,9,5,0,4,2017-11-30,907
-65.1781906426369,-35.3875513648563,Argentina,2,1,0,1,2017-12-01,908
-65.1781906426369,-35.3875513648563,Argentina,8,3,3,2,2017-12-02,909
-65.1781906426369,-35.3875513648563,Argentina,2,0,0,2,2017-12-03,910
-65.1781906426369,-35.3875513648563,Argentina,3,2,0,1,2017-12-05,911
-65.1781906426369,-35.3875513648563,Argentina,1,0,0,1,2017-12-06,912
-65.1781906426369,-35.3875513648563,Argentina,5,1,0,4,2017-12-12,913
-65.1781906426369,-35.3875513648563,Argentina,8,3,0,5,2017-12-13,914
-65.1781906426369,-35.3875513648563,Argentina,2,2,0,0,2017-12-14,915
-65.1781906426369,-35.3875513648563,Argentina,18,12,2,4,2017-12-15,916
-65.1781906426369,-35.3875513648563,Argentina,3,2,0,1,2017-12-16,917
-65.1781906426369,-35.3875513648563,Argentina,7,2,0,5,2017-12-17,918
-65.1781906426369,-35.3875513648563,Argentina,7,1,3,3,2017-12-18,919
-65.1781906426369,-35.3875513648563,Argentina,12,8,3,1,2017-12-19,920
-65.1781906426369,-35.3875513648563,Argentina,3,0,1,2,2017-12-21,921
-65.1781906426369,-35.3875513648563,Argentina,9,8,1,0,2017-12-22,922
-65.1781906426369,-35.3875513648563,Argentina,6,4,2,0,2017-12-23,923
-65.1781906426369,-35.3875513648563,Argentina,3,2,0,1,2017-12-24,924
-65.1781906426369,-35.3875513648563,Argentina,1,0,1,0,2017-12-25,925
-65.1781906426369,-35.3875513648563,Argentina,3,2,1,0,2017-12-26,926
-65.1781906426369,-35.3875513648563,Argentina,3,2,0,1,2017-12-28,927
-65.1781906426369,-35.3875513648563,Argentina,7,2,1,4,2017-12-29,928
-65.1781906426369,-35.3875513648563,Argentina,2,1,0,1,2017-12-31,929
-65.1781906426369,-35.3875513648563,Argentina,5,1,1,3,2018-01-01,930
-65.1781906426369,-35.3875513648563,Argentina,4,2,0,2,2018-01-02,931
-65.1781906426369,-35.3875513648563,Argentina,14,9,1,4,2018-01-03,932
-65.1781906426369,-35.3875513648563,Argentina,7,5,0,2,2018-01-04,933
-65.1781906426369,-35.3875513648563,Argentina,4,1,0,3,2018-01-08,934
-71.364374638007,-37.7436056176063,Chile,2,1,1,0,2017-10-25,935
-71.364374638007,-37.7436056176063,Chile,1,0,0,1,2017-10-26,936
-71.364374638007,-37.7436056176063,Chile,1,0,0,1,2017-10-28,937
-71.364374638007,-37.7436056176063,Chile,4,0,1,3,2017-11-03,938
-71.364374638007,-37.7436056176063,Chile,1,0,1,0,2017-11-04,939
-71.364374638007,-37.7436056176063,Chile,8,3,1,4,2017-11-05,940
-71.364374638007,-37.7436056176063,Chile,8,5,1,2,2017-11-06,941
-71.364374638007,-37.7436056176063,Chile,2,0,0,2,2017-11-07,942
-71.364374638007,-37.7436056176063,Chile,13,6,1,6,2017-11-13,943
-71.364374638007,-37.7436056176063,Chile,3,1,0,2,2017-11-14,944
-71.364374638007,-37.7436056176063,Chile,2,0,0,2,2017-11-15,945
-71.364374638007,-37.7436056176063,Chile,3,1,1,1,2017-11-16,946
-71.364374638007,-37.7436056176063,Chile,4,0,0,4,2017-11-17,947
-71.364374638007,-37.7436056176063,Chile,4,1,2,1,2017-11-20,948
-71.364374638007,-37.7436056176063,Chile,3,1,1,1,2017-11-21,949
-71.364374638007,-37.7436056176063,Chile,3,1,1,1,2017-11-22,950
-71.364374638007,-37.7436056176063,Chile,2,2,0,0,2017-11-23,951
-71.364374638007,-37.7436056176063,Chile,2,1,1,0,2017-11-24,952
-71.364374638007,-37.7436056176063,Chile,3,3,0,0,2017-11-25,953
-71.364374638007,-37.7436056176063,Chile,4,2,0,2,2017-11-26,954
-71.364374638007,-37.7436056176063,Chile,5,4,0,1,2017-11-27,955
-71.364374638007,-37.7436056176063,Chile,3,0,1,2,2017-11-28,956
-71.364374638007,-37.7436056176063,Chile,3,2,0,1,2017-11-29,957
-71.364374638007,-37.7436056176063,Chile,6,3,0,3,2017-11-30,958
-71.364374638007,-37.7436056176063,Chile,6,4,0,2,2017-12-01,959
-71.364374638007,-37.7436056176063,Chile,9,7,0,2,2017-12-02,960
-71.364374638007,-37.7436056176063,Chile,4,2,0,2,2017-12-03,961
-71.364374638007,-37.7436056176063,Chile,1,1,0,0,2017-12-05,962
-71.364374638007,-37.7436056176063,Chile,1,1,0,0,2017-12-06,963
-71.364374638007,-37.7436056176063,Chile,1,1,0,0,2017-12-12,964
-71.364374638007,-37.7436056176063,Chile,4,2,1,1,2017-12-13,965
-71.364374638007,-37.7436056176063,Chile,6,2,2,2,2017-12-14,966
-71.364374638007,-37.7436056176063,Chile,4,1,3,0,2017-12-15,967
-71.364374638007,-37.7436056176063,Chile,1,1,0,0,2017-12-16,968
-71.364374638007,-37.7436056176063,Chile,2,2,0,0,2017-12-17,969
-71.364374638007,-37.7436056176063,Chile,4,2,0,2,2017-12-18,970
-71.364374638007,-37.7436056176063,Chile,7,5,1,1,2017-12-19,971
-71.364374638007,-37.7436056176063,Chile,1,0,0,1,2017-12-21,972
-71.364374638007,-37.7436056176063,Chile,10,5,1,4,2017-12-22,973
-71.364374638007,-37.7436056176063,Chile,3,0,2,1,2017-12-23,974
-71.364374638007,-37.7436056176063,Chile,11,7,2,2,2017-12-24,975
-71.364374638007,-37.7436056176063,Chile,1,0,1,0,2017-12-25,976
-71.364374638007,-37.7436056176063,Chile,1,0,0,1,2017-12-26,977
-71.364374638007,-37.7436056176063,Chile,2,0,0,2,2017-12-27,978
-71.364374638007,-37.7436056176063,Chile,1,1,0,0,2017-12-28,979
-71.364374638007,-37.7436056176063,Chile,3,3,0,0,2017-12-29,980
-71.364374638007,-37.7436056176063,Chile,1,1,0,0,2017-12-31,981
-71.364374638007,-37.7436056176063,Chile,2,0,1,1,2018-01-01,982
-71.364374638007,-37.7436056176063,Chile,7,1,1,5,2018-01-02,983
-71.364374638007,-37.7436056176063,Chile,8,4,0,4,2018-01-03,984
-71.364374638007,-37.7436056176063,Chile,4,3,0,1,2018-01-04,985
-71.364374638007,-37.7436056176063,Chile,2,0,2,0,2018-01-08,986
